{"cameraMode":{"drawMode":0,"name":"Shaded","section":"Shading Mode"},"sceneLighting":false,"audioPlay":false,"sceneViewState":{"m_AlwaysRefresh":false,"showFog":true,"showSkybox":true,"showFlares":true,"showImageEffects":true,"showParticleSystems":true,"showVisualEffectGraphs":true,"m_FxEnabled":false},"in2DMode":false,"pivot":{"x":27.527786254882814,"y":-584.7288208007813,"z":341.0677795410156},"rotation":{"x":0.5091270804405212,"y":0.056188371032476428,"z":-0.03911992907524109,"w":0.8588764071464539},"size":408.83404541015627,"orthographic":false}