{"cameraMode":{"drawMode":0,"name":"Shaded","section":"Shading Mode"},"sceneLighting":true,"audioPlay":false,"sceneViewState":{"m_AlwaysRefresh":false,"showFog":true,"showSkybox":true,"showFlares":true,"showImageEffects":true,"showParticleSystems":true,"showVisualEffectGraphs":true,"m_FxEnabled":false},"in2DMode":false,"pivot":{"x":323.109619140625,"y":191.87753295898438,"z":26.333755493164064},"rotation":{"x":0.4124666154384613,"y":-0.42028409242630007,"z":0.22140751779079438,"w":0.7775476574897766},"size":247.16683959960938,"orthographic":false}