{"cameraMode":{"drawMode":0,"name":"Shaded","section":"Shading Mode"},"sceneLighting":false,"audioPlay":false,"sceneViewState":{"m_AlwaysRefresh":false,"showFog":true,"showSkybox":true,"showFlares":true,"showImageEffects":true,"showParticleSystems":true,"showVisualEffectGraphs":true,"m_FxEnabled":false},"in2DMode":false,"pivot":{"x":76.6675796508789,"y":-427.51934814453127,"z":96.35202026367188},"rotation":{"x":-0.6524463891983032,"y":-0.0009429189376533032,"z":-0.0019114542519673706,"w":-0.7585607171058655},"size":249.63388061523438,"orthographic":false}