{"cameraMode":{"drawMode":0,"name":"Shaded","section":"Shading Mode"},"sceneLighting":true,"audioPlay":false,"sceneViewState":{"m_AlwaysRefresh":false,"showFog":true,"showSkybox":true,"showFlares":true,"showImageEffects":true,"showParticleSystems":true,"showVisualEffectGraphs":true,"m_FxEnabled":false},"in2DMode":false,"pivot":{"x":-0.10027870535850525,"y":-262.63507080078127,"z":-151.96002197265626},"rotation":{"x":0.028506893664598466,"y":0.8152938485145569,"z":-0.5769369602203369,"w":0.04218170791864395},"size":561.2960815429688,"orthographic":false}