{"cameraMode":{"drawMode":0,"name":"Shaded","section":"Shading Mode"},"sceneLighting":true,"audioPlay":false,"sceneViewState":{"m_AlwaysRefresh":false,"showFog":true,"showSkybox":true,"showFlares":true,"showImageEffects":true,"showParticleSystems":true,"showVisualEffectGraphs":true,"m_FxEnabled":false},"in2DMode":false,"pivot":{"x":-121.70836639404297,"y":42.92026901245117,"z":6.532947540283203},"rotation":{"x":-0.252427875995636,"y":0.02905549295246601,"z":-0.007551182061433792,"w":-0.9671830534934998},"size":0.36219608783721926,"orthographic":false}