{"cameraMode":{"drawMode":0,"name":"Shaded","section":"Shading Mode"},"sceneLighting":true,"audioPlay":false,"sceneViewState":{"m_AlwaysRefresh":false,"showFog":true,"showSkybox":true,"showFlares":true,"showImageEffects":true,"showParticleSystems":true,"showVisualEffectGraphs":true,"m_FxEnabled":false},"in2DMode":false,"pivot":{"x":-173.3845672607422,"y":-2.5819101333618166,"z":65.51606750488281},"rotation":{"x":0.029318295419216157,"y":0.9290709495544434,"z":-0.3630184531211853,"w":0.07090253382921219},"size":12.307422637939454,"orthographic":false}